name,image,category
Gelato,items/Gelato.jpg,dishes
Hummus,items/Hummus.jpg,dishes
Risotto ai Funghi,items/Risotto_ai_Funghi.jpg,dishes
Peking Duck,items/Peking_Duck.jpg,dishes
Bibimbap,items/Bibimbap.jpg,dishes
Ramen,items/Ramen.jpg,dishes
Tonkotsu Ramen,items/Tonkotsu_Ramen.jpg,dishes
Beef Stew,items/Beef_Stew.jpg,dishes
Korean Fried Chicken,items/Korean_Fried_Chicken.jpg,dishes
Cheeseburger,items/Cheeseburger.jpg,dishes
Caesar Salad,items/Caesar_Salad.jpg,dishes
Beef Teriyaki,items/Beef_Teriyaki.jpg,dishes
Bouillabaisse,items/Bouillabaisse.jpg,dishes
Shrimp Scampi,items/Shrimp_Scampi.jpg,dishes
Tteokbokki,items/Tteokbokki.jpg,dishes
Doner Kebab,items/Doner_Kebab.jpg,dishes
Croissant,items/Croissant.jpg,dishes
Lamb Rogan Josh,items/Lamb_Rogan_Josh.jpg,dishes
Nachos,items/Nachos.jpg,dishes
Crepes,items/Crepes.jpg,dishes
Paneer Butter Masala,items/Paneer_Butter_Masala.jpg,dishes
Takoyaki,items/Takoyaki.jpg,dishes
Fettuccine Alfredo,items/Fettuccine_Alfredo.jpg,dishes
Scrambled Eggs,items/Scrambled_Eggs.jpg,dishes
Pulled Pork,items/Pulled_Pork.jpg,dishes
Fajitas,items/Fajitas.jpg,dishes
Shawarma,items/Shawarma.jpg,dishes
Nigiri Sushi,items/Nigiri_Sushi.jpg,dishes
Red Curry,items/Red_Curry.jpg,dishes
Chicken Tikka Masala,items/Chicken_Tikka_Masala.jpg,dishes
Roast Chicken,items/Roast_Chicken.jpg,dishes
Pain au Chocolat,items/Pain_au_Chocolat.jpg,dishes
French Fries,items/French_Fries.jpg,dishes
Panna Cotta,items/Panna_Cotta.jpg,dishes
Chicken Pot Pie,items/Chicken_Pot_Pie.jpg,dishes
Butter Chicken,items/Butter_Chicken.jpg,dishes
Clam Chowder,items/Clam_Chowder.jpg,dishes
Pad Thai,items/Pad_Thai.jpg,dishes
Onion Rings,items/Onion_Rings.jpg,dishes
Dim Sum,items/Dim_Sum.jpg,dishes
Burrito,items/Burrito.jpg,dishes
Beef Burrito,items/Beef_Burrito.jpg,dishes
Baked Cod,items/Baked_Cod.jpg,dishes
Spaghetti Carbonara,items/Spaghetti_Carbonara.jpg,dishes
Spaghetti Bolognese,items/Spaghetti_Bolognese.jpg,dishes
Udon Noodles,items/Udon_Noodles.jpg,dishes
Chili Con Carne,items/Chili_Con_Carne.jpg,dishes
Seafood Paella,items/Seafood_Paella.jpg,dishes
Chicken Shawarma,items/Chicken_Shawarma.jpg,dishes
Cheese Quesadilla,items/Cheese_Quesadilla.jpg,dishes
Waffles,items/Waffles.jpg,dishes
Summer Rolls,items/Summer_Rolls.jpg,dishes
Ravioli,items/Ravioli.jpg,dishes
Aloo Gobi,items/Aloo_Gobi.jpg,dishes
Paella,items/Paella.jpg,dishes
Onigiri,items/Onigiri.jpg,dishes
Pho,items/Pho.jpg,dishes
Pelmeni,items/Pelmeni.jpg,dishes
Tiramisu,items/Tiramisu.jpg,dishes
Bruschetta,items/Bruschetta.jpg,dishes
Mashed Potatoes,items/Mashed_Potatoes.jpg,dishes
Borscht,items/Borscht.jpg,dishes
Beef Tacos,items/Beef_Tacos.jpg,dishes
Banh Mi,items/Banh_Mi.jpg,dishes
Banh Mi/.ipynb checkpoints,items/Banh_Mi/.ipynb_checkpoints.jpg,dishes
Beef Bourguignon,items/Beef_Bourguignon.jpg,dishes
Massaman Curry,items/Massaman_Curry.jpg,dishes
Green Curry,items/Green_Curry.jpg,dishes
Tempura,items/Tempura.jpg,dishes
Lasagna,items/Lasagna.jpg,dishes
Lobster Roll,items/Lobster_Roll.jpg,dishes
Chicken Tacos,items/Chicken_Tacos.jpg,dishes
Apple Pie,items/Apple_Pie.jpg,dishes
Ceviche,items/Ceviche.jpg,dishes
Chicken Salad,items/Chicken_Salad.jpg,dishes
Sushi,items/Sushi.jpg,dishes
Mapo Tofu,items/Mapo_Tofu.jpg,dishes
Ratatouille,items/Ratatouille.jpg,dishes
T-Bone Steak,items/T-Bone_Steak.jpg,dishes
Chicken Burrito,items/Chicken_Burrito.jpg,dishes
Quesadilla,items/Quesadilla.jpg,dishes
Bacon Cheeseburger,items/Bacon_Cheeseburger.jpg,dishes
Kebab,items/Kebab.jpg,dishes
Yakitori,items/Yakitori.jpg,dishes
Grilled Salmon,items/Grilled_Salmon.jpg,dishes
Carrot Cake,items/Carrot_Cake.jpg,dishes
Kung Pao Chicken,items/Kung_Pao_Chicken.jpg,dishes
Lamb Shawarma,items/Lamb_Shawarma.jpg,dishes
Cobb Salad,items/Cobb_Salad.jpg,dishes
Maki Sushi,items/Maki_Sushi.jpg,dishes
Okonomiyaki,items/Okonomiyaki.jpg,dishes
Gyro,items/Gyro.jpg,dishes
Beef Stroganoff,items/Beef_Stroganoff.jpg,dishes
Cottage Pie,items/Cottage_Pie.jpg,dishes
California Roll,items/California_Roll.jpg,dishes
Omelette,items/Omelette.jpg,dishes
Cheesecake,items/Cheesecake.jpg,dishes
Pierogi,items/Pierogi.jpg,dishes
Penne Arrabbiata,items/Penne_Arrabbiata.jpg,dishes
Enchiladas,items/Enchiladas.jpg,dishes
Stuffed Peppers,items/Stuffed_Peppers.jpg,dishes
Chicken Paella,items/Chicken_Paella.jpg,dishes
Guacamole,items/Guacamole.jpg,dishes
Gyoza,items/Gyoza.jpg,dishes
Bulgogi,items/Bulgogi.jpg,dishes
Greek Salad,items/Greek_Salad.jpg,dishes
Brownies,items/Brownies.jpg,dishes
Japchae,items/Japchae.jpg,dishes
Blini,items/Blini.jpg,dishes
Fried Rice,items/Fried_Rice.jpg,dishes
Margherita Pizza,items/Margherita_Pizza.jpg,dishes
Dal Tadka,items/Dal_Tadka.jpg,dishes
Samosa,items/Samosa.jpg,dishes
Shepherd s Pie,items/Shepherd_s_Pie.jpg,dishes
Biryani,items/Biryani.jpg,dishes
Dal Makhani,items/Dal_Makhani.jpg,dishes
Caprese Salad,items/Caprese_Salad.jpg,dishes
Pineapple Fried Rice,items/Pineapple_Fried_Rice.jpg,dishes
Risotto Milanese,items/Risotto_Milanese.jpg,dishes
Falafel,items/Falafel.jpg,dishes
Tom Yum Soup,items/Tom_Yum_Soup.jpg,dishes
Fish Curry,items/Fish_Curry.jpg,dishes
Gnocchi,items/Gnocchi.jpg,dishes
Chow Mein,items/Chow_Mein.jpg,dishes
Ice Cream Sundae,items/Ice_Cream_Sundae.jpg,dishes
Naan,items/Naan.jpg,dishes
Fish Tacos,items/Fish_Tacos.jpg,dishes
Hot Pot,items/Hot_Pot.jpg,dishes
Soba Noodles,items/Soba_Noodles.jpg,dishes
Fish and Chips,items/Fish_and_Chips.jpg,dishes
Dragon Roll,items/Dragon_Roll.jpg,dishes
Grilled Chicken,items/Grilled_Chicken.jpg,dishes
Mac and Cheese,items/Mac_and_Cheese.jpg,dishes
Yorkshire Pudding,items/Yorkshire_Pudding.jpg,dishes
Chicken Kiev,items/Chicken_Kiev.jpg,dishes
Pepperoni Pizza,items/Pepperoni_Pizza.jpg,dishes
Pancakes,items/Pancakes.jpg,dishes
Xiao Long Bao,items/Xiao_Long_Bao.jpg,dishes
Vegetable Biryani,items/Vegetable_Biryani.jpg,dishes
Meatloaf,items/Meatloaf.jpg,dishes
Ribeye Steak,items/Ribeye_Steak.jpg,dishes
Fried Chicken,items/Fried_Chicken.jpg,dishes
Steak,items/Steak.jpg,dishes
BBQ Ribs,items/BBQ_Ribs.jpg,dishes
Baklava,items/Baklava.jpg,dishes
Spring Rolls,items/Spring_Rolls.jpg,dishes
Tom Kha Gai,items/Tom_Kha_Gai.jpg,dishes
Tuna Salad,items/Tuna_Salad.jpg,dishes
Chicken Teriyaki,items/Chicken_Teriyaki.jpg,dishes
Palak Paneer,items/Palak_Paneer.jpg,dishes
Quiche Lorraine,items/Quiche_Lorraine.jpg,dishes
Tacos,items/Tacos.jpg,dishes
French Toast,items/French_Toast.jpg,dishes
Sashimi,items/Sashimi.jpg,dishes
Garlic Naan,items/Garlic_Naan.jpg,dishes
Chicken Nuggets,items/Chicken_Nuggets.jpg,dishes
Kimchi Stew,items/Kimchi_Stew.jpg,dishes
Hamburger,items/Hamburger.jpg,dishes
Eggs Benedict,items/Eggs_Benedict.jpg,dishes
Sunday Roast,items/Sunday_Roast.jpg,dishes
Shoyu Ramen,items/Shoyu_Ramen.jpg,dishes
Chocolate Cake,items/Chocolate_Cake.jpg,dishes
Coq au Vin,items/Coq_au_Vin.jpg,dishes
Fried Dumplings,items/Fried_Dumplings.jpg,dishes
Sweet and Sour Pork,items/Sweet_and_Sour_Pork.jpg,dishes
spinach,items/spinach.jpg,products
lettuce,items/lettuce.jpg,products
kale,items/kale.jpg,products
arugula,items/arugula.jpg,products
collard greens,items/collard_greens.jpg,products
mustard greens,items/mustard_greens.jpg,products
watercress,items/watercress.jpg,products
swiss chard,items/swiss_chard.jpg,products
romaine,items/romaine.jpg,products
bok choy,items/bok_choy.jpg,products
carrot,items/carrot.jpg,products
potato,items/potato.jpg,products
beet,items/beet.jpg,products
radish,items/radish.jpg,products
turnip,items/turnip.jpg,products
parsnip,items/parsnip.jpg,products
sweet potato,items/sweet_potato.jpg,products
daikon,items/daikon.jpg,products
rutabaga,items/rutabaga.jpg,products
celeriac,items/celeriac.jpg,products
broccoli,items/broccoli.jpg,products
cauliflower,items/cauliflower.jpg,products
cabbage,items/cabbage.jpg,products
brussels sprouts,items/brussels_sprouts.jpg,products
kohlrabi,items/kohlrabi.jpg,products
radicchio,items/radicchio.jpg,products
savoy cabbage,items/savoy_cabbage.jpg,products
onion,items/onion.jpg,products
garlic,items/garlic.jpg,products
leek,items/leek.jpg,products
shallot,items/shallot.jpg,products
scallion,items/scallion.jpg,products
chive,items/chive.jpg,products
spring onion,items/spring_onion.jpg,products
ramps,items/ramps.jpg,products
pearl onion,items/pearl_onion.jpg,products
elephant garlic,items/elephant_garlic.jpg,products
celery,items/celery.jpg,products
asparagus,items/asparagus.jpg,products
rhubarb,items/rhubarb.jpg,products
fennel,items/fennel.jpg,products
green onion,items/green_onion.jpg,products
chard stalk,items/chard_stalk.jpg,products
broccoli stem,items/broccoli_stem.jpg,products
bamboo shoots,items/bamboo_shoots.jpg,products
lemongrass,items/lemongrass.jpg,products
black beans,items/black_beans.jpg,products
kidney beans,items/kidney_beans.jpg,products
pinto beans,items/pinto_beans.jpg,products
navy beans,items/navy_beans.jpg,products
lima beans,items/lima_beans.jpg,products
cannellini beans,items/cannellini_beans.jpg,products
soybeans,items/soybeans.jpg,products
adzuki beans,items/adzuki_beans.jpg,products
mung beans,items/mung_beans.jpg,products
fava beans,items/fava_beans.jpg,products
chickpeas,items/chickpeas.jpg,products
green peas,items/green_peas.jpg,products
snow peas,items/snow_peas.jpg,products
snap peas,items/snap_peas.jpg,products
black-eyed peas,items/black-eyed_peas.jpg,products
pigeon peas,items/pigeon_peas.jpg,products
yellow peas,items/yellow_peas.jpg,products
split peas,items/split_peas.jpg,products
white peas,items/white_peas.jpg,products
field peas,items/field_peas.jpg,products
red lentils,items/red_lentils.jpg,products
green lentils,items/green_lentils.jpg,products
yellow lentils,items/yellow_lentils.jpg,products
brown lentils,items/brown_lentils.jpg,products
black lentils,items/black_lentils.jpg,products
orange lentils,items/orange_lentils.jpg,products
french lentils,items/french_lentils.jpg,products
spanish pardina lentils,items/spanish_pardina_lentils.jpg,products
beluga lentils,items/beluga_lentils.jpg,products
golden lentils,items/golden_lentils.jpg,products
sprouted chickpeas,items/sprouted_chickpeas.jpg,products
sprouted lentils,items/sprouted_lentils.jpg,products
sprouted soybeans,items/sprouted_soybeans.jpg,products
sprouted mung beans,items/sprouted_mung_beans.jpg,products
sprouted adzuki beans,items/sprouted_adzuki_beans.jpg,products
sprouted black beans,items/sprouted_black_beans.jpg,products
sprouted kidney beans,items/sprouted_kidney_beans.jpg,products
sprouted pinto beans,items/sprouted_pinto_beans.jpg,products
sprouted navy beans,items/sprouted_navy_beans.jpg,products
sprouted green peas,items/sprouted_green_peas.jpg,products
chicken,items/chicken.jpg,products
turkey,items/turkey.jpg,products
duck,items/duck.jpg,products
goose,items/goose.jpg,products
quail,items/quail.jpg,products
pheasant,items/pheasant.jpg,products
guinea fowl,items/guinea_fowl.jpg,products
squab,items/squab.jpg,products
ostrich,items/ostrich.jpg,products
partridge,items/partridge.jpg,products
beef,items/beef.jpg,products
pork,items/pork.jpg,products
venison,items/venison.jpg,products
lamb,items/lamb.jpg,products
mutton,items/mutton.jpg,products
bison,items/bison.jpg,products
goat,items/goat.jpg,products
elk,items/elk.jpg,products
wild boar,items/wild_boar.jpg,products
caribou,items/caribou.jpg,products
salmon,items/salmon.jpg,products
shrimp,items/shrimp.jpg,products
tuna,items/tuna.jpg,products
cod,items/cod.jpg,products
haddock,items/haddock.jpg,products
crab,items/crab.jpg,products
lobster,items/lobster.jpg,products
scallop,items/scallop.jpg,products
mackerel,items/mackerel.jpg,products
octopus,items/octopus.jpg,products
rabbit,items/rabbit.jpg,products
deer,items/deer.jpg,products
buffalo,items/buffalo.jpg,products
squirrel,items/squirrel.jpg,products
grouse,items/grouse.jpg,products
orange,items/orange.jpg,products
lemon,items/lemon.jpg,products
lime,items/lime.jpg,products
grapefruit,items/grapefruit.jpg,products
mandarin,items/mandarin.jpg,products
tangerine,items/tangerine.jpg,products
pomelo,items/pomelo.jpg,products
kumquat,items/kumquat.jpg,products
bergamot,items/bergamot.jpg,products
yuzu,items/yuzu.jpg,products
strawberry,items/strawberry.jpg,products
blueberry,items/blueberry.jpg,products
raspberry,items/raspberry.jpg,products
blackberry,items/blackberry.jpg,products
cranberry,items/cranberry.jpg,products
goji berry,items/goji_berry.jpg,products
boysenberry,items/boysenberry.jpg,products
elderberry,items/elderberry.jpg,products
mulberry,items/mulberry.jpg,products
huckleberry,items/huckleberry.jpg,products
banana,items/banana.jpg,products
pineapple,items/pineapple.jpg,products
mango,items/mango.jpg,products
papaya,items/papaya.jpg,products
coconut,items/coconut.jpg,products
guava,items/guava.jpg,products
lychee,items/lychee.jpg,products
passion fruit,items/passion_fruit.jpg,products
kiwi,items/kiwi.jpg,products
dragon fruit,items/dragon_fruit.jpg,products
peach,items/peach.jpg,products
plum,items/plum.jpg,products
cherry,items/cherry.jpg,products
apricot,items/apricot.jpg,products
nectarine,items/nectarine.jpg,products
black cherry,items/black_cherry.jpg,products
white peach,items/white_peach.jpg,products
sour cherry,items/sour_cherry.jpg,products
pluot,items/pluot.jpg,products
avocado,items/avocado.jpg,products
sapote,items/sapote.jpg,products
breadfruit,items/breadfruit.jpg,products
soursop,items/soursop.jpg,products
jackfruit,items/jackfruit.jpg,products
durian,items/durian.jpg,products
cherimoya,items/cherimoya.jpg,products
santol,items/santol.jpg,products
pawpaw,items/pawpaw.jpg,products
black sapote,items/black_sapote.jpg,products
canned tomatoes,items/canned_tomatoes.jpg,products
canned corn,items/canned_corn.jpg,products
canned peas,items/canned_peas.jpg,products
canned carrots,items/canned_carrots.jpg,products
canned green beans,items/canned_green_beans.jpg,products
canned mushrooms,items/canned_mushrooms.jpg,products
canned artichoke hearts,items/canned_artichoke_hearts.jpg,products
canned beets,items/canned_beets.jpg,products
canned pumpkin,items/canned_pumpkin.jpg,products
canned olives,items/canned_olives.jpg,products
canned peaches,items/canned_peaches.jpg,products
canned pineapples,items/canned_pineapples.jpg,products
canned pears,items/canned_pears.jpg,products
canned cherries,items/canned_cherries.jpg,products
canned apricots,items/canned_apricots.jpg,products
canned mango,items/canned_mango.jpg,products
canned mandarin oranges,items/canned_mandarin_oranges.jpg,products
canned fruit cocktail,items/canned_fruit_cocktail.jpg,products
canned lychee,items/canned_lychee.jpg,products
canned apples,items/canned_apples.jpg,products
canned black beans,items/canned_black_beans.jpg,products
canned kidney beans,items/canned_kidney_beans.jpg,products
canned pinto beans,items/canned_pinto_beans.jpg,products
canned chickpeas,items/canned_chickpeas.jpg,products
canned navy beans,items/canned_navy_beans.jpg,products
canned lima beans,items/canned_lima_beans.jpg,products
canned cannellini beans,items/canned_cannellini_beans.jpg,products
canned refried beans,items/canned_refried_beans.jpg,products
canned baked beans,items/canned_baked_beans.jpg,products
canned tuna,items/canned_tuna.jpg,products
canned salmon,items/canned_salmon.jpg,products
canned sardines,items/canned_sardines.jpg,products
canned mackerel,items/canned_mackerel.jpg,products
canned anchovies,items/canned_anchovies.jpg,products
canned clams,items/canned_clams.jpg,products
canned crab,items/canned_crab.jpg,products
canned oysters,items/canned_oysters.jpg,products
canned shrimp,items/canned_shrimp.jpg,products
canned trout,items/canned_trout.jpg,products
rice,items/rice.jpg,products
quinoa,items/quinoa.jpg,products
bulgur,items/bulgur.jpg,products
barley,items/barley.jpg,products
farro,items/farro.jpg,products
millet,items/millet.jpg,products
oats,items/oats.jpg,products
spelt,items/spelt.jpg,products
sorghum,items/sorghum.jpg,products
freekeh,items/freekeh.jpg,products
white rice,items/white_rice.jpg,products
couscous,items/couscous.jpg,products
semolina,items/semolina.jpg,products
white flour,items/white_flour.jpg,products
cornmeal,items/cornmeal.jpg,products
polenta,items/polenta.jpg,products
pasta,items/pasta.jpg,products
cracked wheat,items/cracked_wheat.jpg,products
wheat bran,items/wheat_bran.jpg,products
corn grits,items/corn_grits.jpg,products
amaranth,items/amaranth.jpg,products
buckwheat,items/buckwheat.jpg,products
chia,items/chia.jpg,products
teff,items/teff.jpg,products
kamut,items/kamut.jpg,products
emmer,items/emmer.jpg,products
einkorn,items/einkorn.jpg,products
spaghetti,items/spaghetti.jpg,products
penne,items/penne.jpg,products
fusilli,items/fusilli.jpg,products
macaroni,items/macaroni.jpg,products
lasagna,items/lasagna.jpg,products
fettuccine,items/fettuccine.jpg,products
linguine,items/linguine.jpg,products
farfalle,items/farfalle.jpg,products
rigatoni,items/rigatoni.jpg,products
rotini,items/rotini.jpg,products
all-purpose flour,items/all-purpose_flour.jpg,products
whole wheat flour,items/whole_wheat_flour.jpg,products
bread flour,items/bread_flour.jpg,products
cake flour,items/cake_flour.jpg,products
self-rising flour,items/self-rising_flour.jpg,products
almond flour,items/almond_flour.jpg,products
coconut flour,items/coconut_flour.jpg,products
oat flour,items/oat_flour.jpg,products
rye flour,items/rye_flour.jpg,products
gluten-free flour,items/gluten-free_flour.jpg,products
white sugar,items/white_sugar.jpg,products
brown sugar,items/brown_sugar.jpg,products
powdered sugar,items/powdered_sugar.jpg,products
cane sugar,items/cane_sugar.jpg,products
coconut sugar,items/coconut_sugar.jpg,products
raw sugar,items/raw_sugar.jpg,products
turbinado sugar,items/turbinado_sugar.jpg,products
muscovado sugar,items/muscovado_sugar.jpg,products
demerara sugar,items/demerara_sugar.jpg,products
date sugar,items/date_sugar.jpg,products
cinnamon,items/cinnamon.jpg,products
nutmeg,items/nutmeg.jpg,products
clove,items/clove.jpg,products
allspice,items/allspice.jpg,products
ginger,items/ginger.jpg,products
cardamom,items/cardamom.jpg,products
cumin,items/cumin.jpg,products
paprika,items/paprika.jpg,products
turmeric,items/turmeric.jpg,products
coriander,items/coriander.jpg,products
olive oil,items/olive_oil.jpg,products
vegetable oil,items/vegetable_oil.jpg,products
canola oil,items/canola_oil.jpg,products
sunflower oil,items/sunflower_oil.jpg,products
coconut oil,items/coconut_oil.jpg,products
avocado oil,items/avocado_oil.jpg,products
sesame oil,items/sesame_oil.jpg,products
peanut oil,items/peanut_oil.jpg,products
grapeseed oil,items/grapeseed_oil.jpg,products
flaxseed oil,items/flaxseed_oil.jpg,products
green olives,items/green_olives.jpg,products
black olives,items/black_olives.jpg,products
kalamata olives,items/kalamata_olives.jpg,products
castelvetrano olives,items/castelvetrano_olives.jpg,products
manzanilla olives,items/manzanilla_olives.jpg,products
gaeta olives,items/gaeta_olives.jpg,products
nicoise olives,items/nicoise_olives.jpg,products
cerignola olives,items/cerignola_olives.jpg,products
picholine olives,items/picholine_olives.jpg,products
ligurian olives,items/ligurian_olives.jpg,products
jarred pickles,items/jarred_pickles.jpg,products
jarred salsa,items/jarred_salsa.jpg,products
jarred pasta sauce,items/jarred_pasta_sauce.jpg,products
jarred olives,items/jarred_olives.jpg,products
jarred artichokes,items/jarred_artichokes.jpg,products
jarred capers,items/jarred_capers.jpg,products
jarred sun-dried tomatoes,items/jarred_sun-dried_tomatoes.jpg,products
jarred peppers,items/jarred_peppers.jpg,products
jarred pesto,items/jarred_pesto.jpg,products
jarred horseradish,items/jarred_horseradish.jpg,products
table salt,items/table_salt.jpg,products
sea salt,items/sea_salt.jpg,products
kosher salt,items/kosher_salt.jpg,products
pink salt,items/pink_salt.jpg,products
iodized salt,items/iodized_salt.jpg,products
celtic salt,items/celtic_salt.jpg,products
flaky salt,items/flaky_salt.jpg,products
smoked salt,items/smoked_salt.jpg,products
black salt,items/black_salt.jpg,products
pickling salt,items/pickling_salt.jpg,products
