name,image
spinach,items/spinach.jpg
lettuce,items/lettuce.jpg
kale,items/kale.jpg
arugula,items/arugula.jpg
collard greens,items/collard_greens.jpg
mustard greens,items/mustard_greens.jpg
watercress,items/watercress.jpg
swiss chard,items/swiss_chard.jpg
romaine,items/romaine.jpg
bok choy,items/bok_choy.jpg
carrot,items/carrot.jpg
potato,items/potato.jpg
beet,items/beet.jpg
radish,items/radish.jpg
turnip,items/turnip.jpg
parsnip,items/parsnip.jpg
sweet potato,items/sweet_potato.jpg
daikon,items/daikon.jpg
rutabaga,items/rutabaga.jpg
celeriac,items/celeriac.jpg
broccoli,items/broccoli.jpg
cauliflower,items/cauliflower.jpg
cabbage,items/cabbage.jpg
brussels sprouts,items/brussels_sprouts.jpg
kohlrabi,items/kohlrabi.jpg
radicchio,items/radicchio.jpg
savoy cabbage,items/savoy_cabbage.jpg
onion,items/onion.jpg
garlic,items/garlic.jpg
leek,items/leek.jpg
shallot,items/shallot.jpg
scallion,items/scallion.jpg
chive,items/chive.jpg
spring onion,items/spring_onion.jpg
ramps,items/ramps.jpg
pearl onion,items/pearl_onion.jpg
elephant garlic,items/elephant_garlic.jpg
celery,items/celery.jpg
asparagus,items/asparagus.jpg
rhubarb,items/rhubarb.jpg
fennel,items/fennel.jpg
green onion,items/green_onion.jpg
chard stalk,items/chard_stalk.jpg
broccoli stem,items/broccoli_stem.jpg
bamboo shoots,items/bamboo_shoots.jpg
lemongrass,items/lemongrass.jpg
black beans,items/black_beans.jpg
kidney beans,items/kidney_beans.jpg
pinto beans,items/pinto_beans.jpg
navy beans,items/navy_beans.jpg
lima beans,items/lima_beans.jpg
cannellini beans,items/cannellini_beans.jpg
soybeans,items/soybeans.jpg
adzuki beans,items/adzuki_beans.jpg
mung beans,items/mung_beans.jpg
fava beans,items/fava_beans.jpg
chickpeas,items/chickpeas.jpg
green peas,items/green_peas.jpg
snow peas,items/snow_peas.jpg
snap peas,items/snap_peas.jpg
black-eyed peas,items/black-eyed_peas.jpg
pigeon peas,items/pigeon_peas.jpg
yellow peas,items/yellow_peas.jpg
split peas,items/split_peas.jpg
white peas,items/white_peas.jpg
field peas,items/field_peas.jpg
red lentils,items/red_lentils.jpg
green lentils,items/green_lentils.jpg
yellow lentils,items/yellow_lentils.jpg
brown lentils,items/brown_lentils.jpg
black lentils,items/black_lentils.jpg
orange lentils,items/orange_lentils.jpg
french lentils,items/french_lentils.jpg
spanish pardina lentils,items/spanish_pardina_lentils.jpg
beluga lentils,items/beluga_lentils.jpg
golden lentils,items/golden_lentils.jpg
sprouted chickpeas,items/sprouted_chickpeas.jpg
sprouted lentils,items/sprouted_lentils.jpg
sprouted soybeans,items/sprouted_soybeans.jpg
sprouted mung beans,items/sprouted_mung_beans.jpg
sprouted adzuki beans,items/sprouted_adzuki_beans.jpg
sprouted black beans,items/sprouted_black_beans.jpg
sprouted kidney beans,items/sprouted_kidney_beans.jpg
sprouted pinto beans,items/sprouted_pinto_beans.jpg
sprouted navy beans,items/sprouted_navy_beans.jpg
sprouted green peas,items/sprouted_green_peas.jpg
chicken,items/chicken.jpg
turkey,items/turkey.jpg
duck,items/duck.jpg
goose,items/goose.jpg
quail,items/quail.jpg
pheasant,items/pheasant.jpg
guinea fowl,items/guinea_fowl.jpg
squab,items/squab.jpg
ostrich,items/ostrich.jpg
partridge,items/partridge.jpg
beef,items/beef.jpg
pork,items/pork.jpg
venison,items/venison.jpg
lamb,items/lamb.jpg
mutton,items/mutton.jpg
bison,items/bison.jpg
goat,items/goat.jpg
elk,items/elk.jpg
wild boar,items/wild_boar.jpg
caribou,items/caribou.jpg
salmon,items/salmon.jpg
shrimp,items/shrimp.jpg
tuna,items/tuna.jpg
cod,items/cod.jpg
haddock,items/haddock.jpg
crab,items/crab.jpg
lobster,items/lobster.jpg
scallop,items/scallop.jpg
mackerel,items/mackerel.jpg
octopus,items/octopus.jpg
rabbit,items/rabbit.jpg
deer,items/deer.jpg
buffalo,items/buffalo.jpg
squirrel,items/squirrel.jpg
grouse,items/grouse.jpg
orange,items/orange.jpg
lemon,items/lemon.jpg
lime,items/lime.jpg
grapefruit,items/grapefruit.jpg
mandarin,items/mandarin.jpg
tangerine,items/tangerine.jpg
pomelo,items/pomelo.jpg
kumquat,items/kumquat.jpg
bergamot,items/bergamot.jpg
yuzu,items/yuzu.jpg
strawberry,items/strawberry.jpg
blueberry,items/blueberry.jpg
raspberry,items/raspberry.jpg
blackberry,items/blackberry.jpg
cranberry,items/cranberry.jpg
goji berry,items/goji_berry.jpg
boysenberry,items/boysenberry.jpg
elderberry,items/elderberry.jpg
mulberry,items/mulberry.jpg
huckleberry,items/huckleberry.jpg
banana,items/banana.jpg
pineapple,items/pineapple.jpg
mango,items/mango.jpg
papaya,items/papaya.jpg
coconut,items/coconut.jpg
guava,items/guava.jpg
lychee,items/lychee.jpg
passion fruit,items/passion_fruit.jpg
kiwi,items/kiwi.jpg
dragon fruit,items/dragon_fruit.jpg
peach,items/peach.jpg
plum,items/plum.jpg
cherry,items/cherry.jpg
apricot,items/apricot.jpg
nectarine,items/nectarine.jpg
black cherry,items/black_cherry.jpg
white peach,items/white_peach.jpg
sour cherry,items/sour_cherry.jpg
pluot,items/pluot.jpg
avocado,items/avocado.jpg
sapote,items/sapote.jpg
breadfruit,items/breadfruit.jpg
soursop,items/soursop.jpg
jackfruit,items/jackfruit.jpg
durian,items/durian.jpg
cherimoya,items/cherimoya.jpg
santol,items/santol.jpg
pawpaw,items/pawpaw.jpg
black sapote,items/black_sapote.jpg
canned tomatoes,items/canned_tomatoes.jpg
canned corn,items/canned_corn.jpg
canned peas,items/canned_peas.jpg
canned carrots,items/canned_carrots.jpg
canned green beans,items/canned_green_beans.jpg
canned mushrooms,items/canned_mushrooms.jpg
canned artichoke hearts,items/canned_artichoke_hearts.jpg
canned beets,items/canned_beets.jpg
canned pumpkin,items/canned_pumpkin.jpg
canned olives,items/canned_olives.jpg
canned peaches,items/canned_peaches.jpg
canned pineapples,items/canned_pineapples.jpg
canned pears,items/canned_pears.jpg
canned cherries,items/canned_cherries.jpg
canned apricots,items/canned_apricots.jpg
canned mango,items/canned_mango.jpg
canned mandarin oranges,items/canned_mandarin_oranges.jpg
canned fruit cocktail,items/canned_fruit_cocktail.jpg
canned lychee,items/canned_lychee.jpg
canned apples,items/canned_apples.jpg
canned black beans,items/canned_black_beans.jpg
canned kidney beans,items/canned_kidney_beans.jpg
canned pinto beans,items/canned_pinto_beans.jpg
canned chickpeas,items/canned_chickpeas.jpg
canned navy beans,items/canned_navy_beans.jpg
canned lima beans,items/canned_lima_beans.jpg
canned cannellini beans,items/canned_cannellini_beans.jpg
canned refried beans,items/canned_refried_beans.jpg
canned baked beans,items/canned_baked_beans.jpg
canned tuna,items/canned_tuna.jpg
canned salmon,items/canned_salmon.jpg
canned sardines,items/canned_sardines.jpg
canned mackerel,items/canned_mackerel.jpg
canned anchovies,items/canned_anchovies.jpg
canned clams,items/canned_clams.jpg
canned crab,items/canned_crab.jpg
canned oysters,items/canned_oysters.jpg
canned shrimp,items/canned_shrimp.jpg
canned trout,items/canned_trout.jpg
rice,items/rice.jpg
quinoa,items/quinoa.jpg
bulgur,items/bulgur.jpg
barley,items/barley.jpg
farro,items/farro.jpg
millet,items/millet.jpg
oats,items/oats.jpg
spelt,items/spelt.jpg
sorghum,items/sorghum.jpg
freekeh,items/freekeh.jpg
white rice,items/white_rice.jpg
couscous,items/couscous.jpg
semolina,items/semolina.jpg
white flour,items/white_flour.jpg
cornmeal,items/cornmeal.jpg
polenta,items/polenta.jpg
pasta,items/pasta.jpg
cracked wheat,items/cracked_wheat.jpg
wheat bran,items/wheat_bran.jpg
corn grits,items/corn_grits.jpg
amaranth,items/amaranth.jpg
buckwheat,items/buckwheat.jpg
chia,items/chia.jpg
teff,items/teff.jpg
kamut,items/kamut.jpg
emmer,items/emmer.jpg
einkorn,items/einkorn.jpg
spaghetti,items/spaghetti.jpg
penne,items/penne.jpg
fusilli,items/fusilli.jpg
macaroni,items/macaroni.jpg
lasagna,items/lasagna.jpg
fettuccine,items/fettuccine.jpg
linguine,items/linguine.jpg
farfalle,items/farfalle.jpg
rigatoni,items/rigatoni.jpg
rotini,items/rotini.jpg
all-purpose flour,items/all-purpose_flour.jpg
whole wheat flour,items/whole_wheat_flour.jpg
bread flour,items/bread_flour.jpg
cake flour,items/cake_flour.jpg
self-rising flour,items/self-rising_flour.jpg
almond flour,items/almond_flour.jpg
coconut flour,items/coconut_flour.jpg
oat flour,items/oat_flour.jpg
rye flour,items/rye_flour.jpg
gluten-free flour,items/gluten-free_flour.jpg
white sugar,items/white_sugar.jpg
brown sugar,items/brown_sugar.jpg
powdered sugar,items/powdered_sugar.jpg
cane sugar,items/cane_sugar.jpg
coconut sugar,items/coconut_sugar.jpg
raw sugar,items/raw_sugar.jpg
turbinado sugar,items/turbinado_sugar.jpg
muscovado sugar,items/muscovado_sugar.jpg
demerara sugar,items/demerara_sugar.jpg
date sugar,items/date_sugar.jpg
cinnamon,items/cinnamon.jpg
nutmeg,items/nutmeg.jpg
clove,items/clove.jpg
allspice,items/allspice.jpg
ginger,items/ginger.jpg
cardamom,items/cardamom.jpg
cumin,items/cumin.jpg
paprika,items/paprika.jpg
turmeric,items/turmeric.jpg
coriander,items/coriander.jpg
olive oil,items/olive_oil.jpg
vegetable oil,items/vegetable_oil.jpg
canola oil,items/canola_oil.jpg
sunflower oil,items/sunflower_oil.jpg
coconut oil,items/coconut_oil.jpg
avocado oil,items/avocado_oil.jpg
sesame oil,items/sesame_oil.jpg
peanut oil,items/peanut_oil.jpg
grapeseed oil,items/grapeseed_oil.jpg
flaxseed oil,items/flaxseed_oil.jpg
green olives,items/green_olives.jpg
black olives,items/black_olives.jpg
kalamata olives,items/kalamata_olives.jpg
castelvetrano olives,items/castelvetrano_olives.jpg
manzanilla olives,items/manzanilla_olives.jpg
gaeta olives,items/gaeta_olives.jpg
nicoise olives,items/nicoise_olives.jpg
cerignola olives,items/cerignola_olives.jpg
picholine olives,items/picholine_olives.jpg
ligurian olives,items/ligurian_olives.jpg
jarred pickles,items/jarred_pickles.jpg
jarred salsa,items/jarred_salsa.jpg
jarred pasta sauce,items/jarred_pasta_sauce.jpg
jarred olives,items/jarred_olives.jpg
jarred artichokes,items/jarred_artichokes.jpg
jarred capers,items/jarred_capers.jpg
jarred sun-dried tomatoes,items/jarred_sun-dried_tomatoes.jpg
jarred peppers,items/jarred_peppers.jpg
jarred pesto,items/jarred_pesto.jpg
jarred horseradish,items/jarred_horseradish.jpg
table salt,items/table_salt.jpg
sea salt,items/sea_salt.jpg
kosher salt,items/kosher_salt.jpg
pink salt,items/pink_salt.jpg
iodized salt,items/iodized_salt.jpg
celtic salt,items/celtic_salt.jpg
flaky salt,items/flaky_salt.jpg
smoked salt,items/smoked_salt.jpg
black salt,items/black_salt.jpg
pickling salt,items/pickling_salt.jpg
